id,pred_target
c0f722661,-1.39174894122422
f0953f0a5,-0.4809681146788042
0df072751,0.29047962806279937
04caf4e0c,-1.0691176831375935
0e63f8bea,-1.1665899028427194
12537fe78,0.1992822444385045
965e592c0,0.07854826623132233
